2018-07-27 10:07:23 , 1223 , (103, 90, 56) , 24.08518449368114 , 99107.74259810621 , 261.58 , 5.102 , 0.894 , 5.051 , 0.654
2018-07-27 10:08:01 , 1290 , (103, 90, 56) , 24.86321144545584 , 99102.03935253908 , 259.77 , 0.342 , 0.909 , 5.054 , 0.645
2018-07-27 10:09:02 , 1305 , (103, 90, 57) , 25.86159972205969 , 99100.36910049348 , 259.38 , 5.099 , 0.924 , 5.048 , 0.654
2018-07-27 10:10:02 , 1308 , (102, 90, 57) , 26.438331026736705 , 99097.93587574255 , 260.35 , 5.105 , 0.936 , 5.054 , 0.642
2018-07-27 10:11:02 , 1317 , (102, 90, 57) , 27.04499153533818 , 99099.14774789024 , 260.73 , 5.102 , 0.957 , 5.048 , 0.651
2018-07-27 10:12:02 , 1308 , (102, 90, 57) , 27.293460688821163 , 99102.73091583574 , 259.62 , 5.099 , 0.954 , 5.048 , 0.648
2018-07-27 10:13:02 , 1310 , (102, 90, 57) , 27.576692278762586 , 99096.93644072309 , 258.11 , 5.096 , 0.948 , 5.048 , 0.651
2018-07-27 10:14:02 , 1341 , (102, 89, 57) , 27.67765233975115 , 99103.34023585233 , 257.7 , 5.105 , 0.951 , 5.051 , 0.648
2018-07-27 10:15:01 , 1359 , (103, 90, 57) , 27.88108422512089 , 99103.1241796677 , 257.93 , 5.099 , 0.957 , 5.048 , 0.648
2018-07-27 10:16:02 , 1290 , (103, 89, 57) , 28.305179395132292 , 99095.62914854252 , 257.73 , 5.099 , 0.966 , 5.051 , 0.642
2018-07-27 10:17:02 , 1328 , (102, 90, 57) , 28.36714644626884 , 99095.70518733913 , 258.95 , 5.105 , 1.033 , 5.051 , 0.651
2018-07-27 10:18:02 , 1368 , (102, 90, 57) , 28.57783477750427 , 99097.99560651608 , 259.41 , 5.099 , 0.972 , 5.045 , 0.648
2018-07-27 10:19:02 , 1321 , (102, 90, 57) , 28.210868657776153 , 99102.94516525298 , 258.42 , 5.102 , 0.966 , 5.048 , 0.648
2018-07-27 10:20:02 , 1313 , (102, 90, 57) , 28.561813981121873 , 99097.37931511288 , 259.84 , 5.102 , 0.963 , 5.045 , 0.642
2018-07-27 10:21:02 , 1311 , (102, 90, 57) , 28.003506335960356 , 99098.45276207435 , 259.49 , 5.108 , 0.966 , 5.054 , 0.657
2018-07-27 10:22:01 , 1290 , (102, 90, 57) , 28.385887710168777 , 99096.60401740593 , 259.83 , 4.856 , 0.972 , 5.045 , 0.639
2018-07-27 10:23:02 , 1324 , (102, 90, 57) , 28.532492909221038 , 99095.57647965627 , 260.42 , 2.653 , 0.978 , 5.039 , 0.642
2018-07-27 10:24:02 , 1180 , (101, 90, 57) , 28.562720818567687 , 99099.57339579852 , 260.8 , 4.007 , 0.978 , 5.051 , 0.657
2018-07-27 10:25:02 , 1293 , (102, 90, 57) , 28.80635818299279 , 99098.63009100934 , 262.02 , 5.099 , 0.981 , 5.045 , 0.642
2018-07-27 10:26:02 , 1291 , (103, 90, 57) , 29.04999628596852 , 99099.53634132064 , 261.12 , 5.108 , 0.984 , 5.054 , 0.651
2018-07-27 10:27:01 , 1278 , (102, 90, 57) , 29.01523398044776 , 99099.22073210092 , 259.81 , 2.44 , 0.981 , 5.048 , 0.651
2018-07-27 10:28:02 , 1285 , (102, 90, 57) , 28.86500053731179 , 99100.52708775853 , 260.64 , 5.099 , 0.981 , 5.045 , 0.642
2018-07-27 10:29:01 , 2088 , (101, 89, 56) , 28.930897666930925 , 99103.96795781638 , 247.66 , 5.096 , 0.984 , 5.048 , 0.651
2018-07-27 10:30:02 , 1739 , (99, 90, 57) , 29.070853676497812 , 99097.37352408459 , 246.83 , 5.084 , 0.984 , 5.051 , 0.639
2018-07-27 10:31:01 , 2207 , (102, 89, 56) , 29.232876488709394 , 99097.83888849424 , 247.25 , 5.084 , 0.978 , 5.051 , 0.645
2018-07-27 10:32:02 , 2142 , (102, 89, 56) , 29.140076069364387 , 99099.82734019043 , 247.39 , 5.087 , 0.975 , 5.051 , 0.648
2018-07-27 10:33:02 , 2161 , (102, 89, 56) , 28.34235962008099 , 99096.01542608798 , 249.6 , 5.093 , 0.975 , 5.057 , 0.651
2018-07-27 10:34:02 , 2218 , (101, 89, 56) , 28.423067972453374 , 99096.47840432546 , 250.26 , 5.087 , 0.975 , 5.048 , 0.642
2018-07-27 10:35:02 , 2166 , (102, 89, 56) , 28.62891997974823 , 99098.13182954879 , 250.0 , 5.078 , 0.984 , 5.051 , 0.654
2018-07-27 10:36:01 , 1165 , (91, 92, 61) , 28.63103593557107 , 99100.86748423659 , 250.34 , 4.982 , 0.981 , 5.048 , 0.645
2018-07-27 10:37:02 , 923 , (92, 93, 60) , 29.029138900851855 , 99095.39327465321 , 251.27 , 5.087 , 0.984 , 5.045 , 0.642
2018-07-27 10:38:01 , 875 , (91, 94, 61) , 29.192370755036087 , 99095.89103829344 , 251.93 , 5.084 , 0.981 , 5.045 , 0.642
2018-07-27 10:39:02 , 866 , (91, 94, 61) , 29.258570434829835 , 99095.62387394915 , 252.06 , 5.087 , 0.978 , 5.045 , 0.645
2018-07-27 10:40:01 , 761 , (84, 95, 65) , 29.436916875456518 , 99095.714818788 , 249.18 , 4.991 , 1.002 , 5.051 , 0.642
2018-07-27 10:41:02 , 647 , (83, 96, 65) , 29.436010028147233 , 99093.00641203576 , 250.35 , 4.946 , 0.99 , 5.051 , 0.639
2018-07-27 10:42:02 , 642 , (83, 96, 64) , 29.57536235135858 , 99097.19128867584 , 249.42 , 4.964 , 0.993 , 5.054 , 0.645
2018-07-27 10:43:02 , 636 , (84, 96, 64) , 29.54906373824381 , 99091.46456963985 , 248.07 , 4.955 , 0.993 , 5.048 , 0.645
2018-07-27 10:44:02 , 625 , (84, 96, 64) , 29.9102925675762 , 99089.60977713569 , 249.01 , 4.982 , 0.993 , 5.048 , 0.651
2018-07-27 10:45:02 , 618 , (84, 96, 64) , 30.017301252148172 , 99089.77278001448 , 248.69 , 5.0 , 0.99 , 5.048 , 0.639
2018-07-27 10:46:02 , 629 , (84, 96, 64) , 30.16481628252659 , 99096.47564379808 , 249.21 , 5.006 , 0.993 , 5.054 , 0.639
2018-07-27 10:47:01 , 627 , (84, 96, 64) , 30.3053790121425 , 99091.09099948095 , 251.57 , 4.979 , 0.999 , 5.048 , 0.645
2018-07-27 10:48:02 , 633 , (85, 96, 64) , 30.290567013993858 , 99089.48965997605 , 250.62 , 4.976 , 0.999 , 5.048 , 0.651
2018-07-27 10:49:01 , 548 , (85, 95, 64) , 30.247037892375374 , 99097.3007645109 , 250.87 , 5.084 , 0.999 , 5.045 , 0.651
2018-07-27 10:50:02 , 542 , (87, 95, 63) , 30.150608880523784 , 99095.82753420605 , 250.75 , 5.081 , 0.999 , 5.048 , 0.642
2018-07-27 10:51:02 , 531 , (86, 96, 63) , 30.000071030602545 , 99091.1832027431 , 250.85 , 5.084 , 1.002 , 5.048 , 0.645
2018-07-27 10:52:02 , 578 , (86, 95, 62) , 30.087733599682384 , 99094.62216299368 , 251.16 , 5.078 , 1.002 , 5.048 , 0.642
2018-07-27 10:53:02 , 1626 , (99, 90, 55) , 30.03785660899921 , 99094.54637155388 , 250.83 , 5.084 , 1.002 , 5.048 , 0.645
2018-07-27 10:54:02 , 573 , (87, 95, 62) , 29.909083430711416 , 99091.62786536636 , 249.95 , 5.069 , 0.999 , 5.042 , 0.645
2018-07-27 10:55:02 , 615 , (87, 96, 62) , 29.90334003085211 , 99092.55276363263 , 250.39 , 5.072 , 1.002 , 5.048 , 0.642
2018-07-27 10:56:02 , 580 , (87, 95, 62) , 29.93266160285566 , 99092.29486656786 , 249.95 , 5.069 , 0.999 , 5.042 , 0.648
2018-07-27 10:57:02 , 555 , (86, 95, 62) , 29.96984258067498 , 99091.46230774662 , 250.77 , 5.075 , 0.996 , 5.048 , 0.648
2018-07-27 10:58:01 , 2215 , (103, 88, 56) , 29.92238393722446 , 99096.22259983169 , 247.31 , 5.069 , 1.005 , 5.039 , 0.642
2018-07-27 10:59:02 , 2178 , (103, 88, 56) , 29.237712995586868 , 99097.4480520886 , 252.1 , 5.078 , 1.011 , 5.042 , 0.642
2018-07-27 11:00:01 , 660 , (82, 96, 67) , 29.143703445306983 , 99096.84979184701 , 251.76 , 5.075 , 1.002 , 5.042 , 0.642
2018-07-27 11:01:02 , 656 , (82, 96, 66) , 29.529113071965753 , 99096.34210787338 , 252.17 , 5.072 , 1.008 , 5.045 , 0.642
2018-07-27 11:02:01 , 517 , (84, 96, 64) , 29.534554162277733 , 99094.8568636478 , 253.23 , 5.075 , 1.008 , 5.039 , 0.642
2018-07-27 11:03:02 , 512 , (84, 96, 64) , 29.535763293508193 , 99095.22798876386 , 252.63 , 5.078 , 1.005 , 5.042 , 0.639
2018-07-27 11:04:01 , 519 , (84, 96, 64) , 29.628564169718537 , 99093.5636607003 , 251.52 , 5.078 , 1.014 , 5.042 , 0.645
2018-07-27 11:05:02 , 516 , (85, 96, 64) , 29.650328560106665 , 99093.07939358038 , 252.57 , 4.511 , 1.011 , 5.045 , 0.642
2018-07-27 11:06:01 , 639 , (82, 96, 67) , 29.594406180020293 , 99099.15617350567 , 252.18 , 5.075 , 1.002 , 5.039 , 0.642
2018-07-27 11:07:02 , 658 , (83, 96, 66) , 29.934777593001694 , 99094.69372997583 , 251.92 , 5.075 , 1.017 , 5.042 , 0.645
2018-07-27 11:08:01 , 650 , (83, 96, 66) , 29.957448919490798 , 99095.21025596972 , 250.79 , 1.912 , 1.005 , 5.042 , 0.645
2018-07-27 11:09:02 , 627 , (82, 96, 66) , 30.093779297625975 , 99094.42953243203 , 252.12 , 5.075 , 1.002 , 5.042 , 0.642
2018-07-27 11:10:02 , 630 , (82, 96, 66) , 30.17086198626821 , 99093.2096504183 , 252.58 , 5.075 , 1.002 , 5.042 , 0.642
2018-07-27 11:11:02 , 614 , (82, 96, 66) , 30.19413794991908 , 99095.19023852474 , 250.34 , 5.078 , 1.008 , 5.045 , 0.645
2018-07-27 11:12:02 , 609 , (82, 96, 66) , 30.29268301356226 , 99090.35269101849 , 249.84 , 5.087 , 1.011 , 5.048 , 0.645
2018-07-27 11:13:02 , 609 , (82, 96, 66) , 30.309308726395194 , 99089.69314606913 , 249.74 , 5.078 , 1.011 , 5.039 , 0.642
2018-07-27 11:14:02 , 577 , (81, 96, 67) , 30.278173303354766 , 99093.7534822371 , 249.99 , 5.084 , 1.011 , 5.048 , 0.648
2018-07-27 11:15:01 , 612 , (82, 96, 66) , 30.24975846178588 , 99096.55649501353 , 250.2 , 5.078 , 1.008 , 5.045 , 0.639
2018-07-27 11:16:02 , 505 , (83, 96, 65) , 29.950798663057867 , 99092.91285147969 , 250.17 , 5.078 , 1.011 , 5.048 , 0.645
2018-07-27 11:17:01 , 569 , (80, 96, 68) , 29.99583904692829 , 99090.99358583205 , 248.49 , 5.084 , 1.014 , 5.051 , 0.636
2018-07-27 11:18:02 , 606 , (81, 96, 67) , 30.214391066632015 , 99089.83990117296 , 249.89 , 5.078 , 1.017 , 5.045 , 0.639
2018-07-27 11:19:02 , 566 , (80, 96, 68) , 30.28633501502418 , 99084.68988832 , 250.67 , 5.081 , 1.017 , 5.051 , 0.642
2018-07-27 11:20:02 , 609 , (82, 96, 66) , 30.237364757439355 , 99086.47674875277 , 250.93 , 2.701 , 1.008 , 5.042 , 0.639
2018-07-27 11:21:02 , 616 , (82, 96, 67) , 30.12884435466642 , 99087.60986776846 , 251.42 , 5.084 , 1.017 , 5.051 , 0.642
2018-07-27 11:22:02 , 625 , (82, 96, 66) , 30.23978304106422 , 99078.85237429389 , 251.37 , 5.078 , 1.008 , 5.045 , 0.645
2018-07-27 11:23:02 , 625 , (82, 96, 66) , 30.223761913405202 , 99081.31931171224 , 251.05 , 5.078 , 1.017 , 5.048 , 0.642
2018-07-27 11:24:02 , 627 , (82, 96, 66) , 30.231016763270258 , 99086.79049781158 , 251.04 , 4.589 , 1.02 , 5.045 , 0.642
2018-07-27 11:25:02 , 629 , (82, 96, 66) , 30.07896733847192 , 99086.34053267425 , 251.5 , 5.084 , 1.02 , 5.054 , 0.648
2018-07-27 11:26:01 , 629 , (81, 96, 66) , 30.01820810601605 , 99086.33865561226 , 251.72 , 5.078 , 1.017 , 5.045 , 0.636
2018-07-27 11:27:02 , 509 , (84, 96, 64) , 30.00581443737401 , 99085.82008415977 , 250.46 , 5.078 , 1.014 , 5.051 , 0.642
2018-07-27 11:28:01 , 505 , (84, 96, 64) , 29.805702296036543 , 99087.28366146462 , 252.88 , 5.078 , 1.014 , 5.051 , 0.645
2018-07-27 11:29:02 , 512 , (84, 96, 64) , 29.906060588629042 , 99080.37513252615 , 251.25 , 5.081 , 1.014 , 5.045 , 0.639
2018-07-27 11:30:01 , 509 , (84, 96, 64) , 29.715319483146438 , 99081.50928811265 , 253.01 , 5.078 , 1.02 , 5.048 , 0.645
2018-07-27 11:31:02 , 517 , (84, 96, 64) , 29.56055048774126 , 99081.08921517087 , 252.06 , 5.081 , 1.011 , 5.054 , 0.651
2018-07-27 11:32:02 , 512 , (84, 96, 64) , 29.513092085963944 , 99081.57538816653 , 253.5 , 5.078 , 1.014 , 5.048 , 0.642
2018-07-27 11:33:02 , 512 , (84, 96, 64) , 29.51792860970345 , 99081.35424857972 , 251.96 , 5.078 , 1.011 , 5.054 , 0.642
2018-07-27 11:34:02 , 509 , (85, 96, 64) , 29.403665814139913 , 99077.23913255215 , 253.13 , 5.078 , 1.011 , 5.054 , 0.645
2018-07-27 11:35:02 , 509 , (85, 96, 64) , 29.336559168651366 , 99074.29277196502 , 251.52 , 5.084 , 1.017 , 5.054 , 0.642
2018-07-27 11:36:02 , 515 , (85, 96, 63) , 29.491932298025585 , 99078.7480811075 , 250.8 , 5.078 , 1.017 , 5.054 , 0.645
2018-07-27 11:37:02 , 516 , (85, 96, 64) , 29.4677496900601 , 99080.87667807142 , 252.3 , 5.078 , 1.017 , 5.051 , 0.645
2018-07-27 11:38:02 , 516 , (85, 96, 63) , 29.65365367582383 , 99074.35423311275 , 252.14 , 5.081 , 1.017 , 5.051 , 0.648
2018-07-27 11:39:02 , 517 , (85, 96, 64) , 29.648817143917064 , 99074.57574419945 , 251.89 , 5.078 , 1.014 , 5.048 , 0.645
2018-07-27 11:40:02 , 517 , (85, 96, 64) , 29.564480165577788 , 99081.22925700565 , 251.84 , 5.078 , 1.014 , 5.051 , 0.645
2018-07-27 11:41:02 , 517 , (85, 96, 64) , 29.525183395858402 , 99084.604165326 , 252.07 , 5.081 , 1.017 , 5.048 , 0.639
2018-07-27 11:42:02 , 516 , (85, 96, 64) , 29.515812630531606 , 99083.73213472133 , 252.48 , 5.081 , 1.02 , 5.051 , 0.642
2018-07-27 11:43:01 , 517 , (85, 96, 64) , 29.421500472590218 , 99081.90259694488 , 251.85 , 5.084 , 1.02 , 5.051 , 0.645
2018-07-27 11:44:02 , 513 , (85, 95, 64) , 29.43147579175429 , 99081.68140751359 , 251.63 , 3.233 , 1.02 , 5.048 , 0.651
2018-07-27 11:45:01 , 513 , (85, 96, 64) , 29.581710293744457 , 99083.91631627179 , 251.58 , 5.078 , 1.017 , 5.051 , 0.645
2018-07-27 11:46:02 , 517 , (85, 96, 64) , 29.64911942715271 , 99085.3729387105 , 250.83 , 5.081 , 1.324 , 5.048 , 0.642
2018-07-27 11:47:01 , 1289 , (97, 90, 58) , 29.73859531487624 , 99084.85726070854 , 250.28 , 5.081 , 1.03 , 5.054 , 0.642
2018-07-27 11:48:02 , 522 , (85, 96, 63) , 29.708971530208146 , 99083.35690573922 , 250.47 , 5.084 , 1.045 , 5.051 , 0.642
2018-07-27 11:49:01 , 521 , (85, 95, 64) , 29.691136807969293 , 99086.37036424808 , 250.33 , 5.081 , 1.03 , 5.048 , 0.642
2018-07-27 11:50:02 , 519 , (85, 96, 63) , 29.597429010381553 , 99085.15870805555 , 252.44 , 5.081 , 1.027 , 5.051 , 0.648
2018-07-27 11:51:01 , 521 , (85, 95, 64) , 29.560248204838718 , 99083.2564174515 , 249.75 , 5.078 , 1.023 , 5.048 , 0.639
2018-07-27 11:52:02 , 521 , (86, 95, 64) , 29.662722173933457 , 99082.68170409149 , 250.81 , 5.084 , 1.023 , 5.051 , 0.651
2018-07-27 11:53:01 , 522 , (85, 96, 63) , 29.672092956388315 , 99078.26492143395 , 248.67 , 5.084 , 1.023 , 5.045 , 0.639
2018-07-27 11:54:02 , 520 , (85, 96, 63) , 29.70594869565184 , 99079.27294208352 , 249.19 , 5.084 , 1.027 , 5.048 , 0.642
2018-07-27 11:55:02 , 519 , (85, 96, 63) , 29.676324923016363 , 99075.38419620162 , 251.56 , 5.087 , 1.03 , 5.051 , 0.642
2018-07-27 11:56:02 , 520 , (85, 96, 63) , 29.76519627367825 , 99075.96016412613 , 249.11 , 5.09 , 1.03 , 5.057 , 0.642
2018-07-27 11:57:02 , 520 , (85, 96, 63) , 29.757034614927782 , 99077.67799054115 , 249.62 , 5.087 , 1.023 , 5.054 , 0.645
2018-07-27 11:58:02 , 513 , (85, 96, 63) , 29.748570673395285 , 99076.95700627037 , 249.75 , 5.084 , 1.023 , 5.054 , 0.642
2018-07-27 11:59:02 , 510 , (85, 96, 63) , 29.748570673395285 , 99074.90962346329 , 253.47 , 5.081 , 1.023 , 5.054 , 0.645
2018-07-27 12:00:02 , 512 , (85, 96, 63) , 29.894271505594066 , 99075.51940660062 , 253.84 , 5.087 , 1.03 , 5.057 , 0.645
2018-07-27 12:01:02 , 510 , (85, 96, 63) , 29.965308314166396 , 99071.59494560873 , 253.52 , 5.081 , 1.027 , 5.051 , 0.645
2018-07-27 12:02:02 , 512 , (85, 96, 63) , 29.93205703425274 , 99074.61605824472 , 253.61 , 5.081 , 1.027 , 5.051 , 0.642
2018-07-27 12:03:02 , 508 , (85, 96, 63) , 29.98707279574046 , 99070.08256221416 , 252.2 , 5.081 , 1.023 , 5.054 , 0.642
2018-07-27 12:04:02 , 507 , (85, 96, 63) , 29.991002494430564 , 99069.02717365974 , 252.64 , 5.084 , 1.027 , 5.051 , 0.639
2018-07-27 12:05:02 , 528 , (84, 96, 64) , 29.894271505594066 , 99072.447619999 , 250.38 , 5.081 , 1.023 , 5.054 , 0.639
2018-07-27 12:06:02 , 523 , (84, 96, 63) , 29.912106272907476 , 99067.72471756025 , 251.24 , 5.084 , 1.027 , 5.054 , 0.642
2018-07-27 12:07:02 , 532 , (84, 96, 64) , 30.026672075942976 , 99068.11242861446 , 250.67 , 5.084 , 1.03 , 5.054 , 0.642
2018-07-27 12:08:01 , 520 , (84, 96, 64) , 29.830489573517934 , 99072.28257627648 , 250.52 , 2.647 , 1.03 , 5.048 , 0.639
2018-07-27 12:09:02 , 525 , (84, 96, 64) , 30.021230952316206 , 99069.08809377658 , 250.77 , 5.084 , 1.03 , 5.048 , 0.645
2018-07-27 12:10:01 , 520 , (84, 96, 64) , 30.041484025459795 , 99070.05557514788 , 249.25 , 5.081 , 1.027 , 5.048 , 0.645
2018-07-27 12:11:02 , 528 , (84, 96, 64) , 30.049645713094673 , 99070.72567445847 , 250.7 , 3.746 , 1.023 , 5.054 , 0.651
2018-07-27 12:12:01 , 525 , (84, 96, 64) , 30.101940990571165 , 99076.66292954587 , 250.38 , 5.084 , 1.03 , 5.045 , 0.651
2018-07-27 12:13:02 , 529 , (84, 96, 64) , 29.921174800177777 , 99080.15044315891 , 251.79 , 4.658 , 1.03 , 5.054 , 0.645
2018-07-27 12:14:01 , 521 , (84, 96, 64) , 29.974376847439363 , 99079.24264219776 , 251.66 , 5.081 , 1.03 , 5.051 , 0.642
2018-07-27 12:15:02 , 511 , (84, 96, 63) , 29.83381469668841 , 99068.39727508686 , 249.3 , 5.084 , 1.027 , 5.048 , 0.642
2018-07-27 12:16:01 , 527 , (84, 96, 64) , 30.009139567797707 , 99073.057820993 , 251.38 , 5.084 , 1.027 , 5.048 , 0.639
2018-07-27 12:17:02 , 524 , (84, 96, 64) , 30.073526211304944 , 99070.58725816548 , 251.55 , 5.084 , 1.03 , 5.048 , 0.639
2018-07-27 12:18:01 , 514 , (84, 96, 63) , 30.218320776436144 , 99065.56279183096 , 253.06 , 5.084 , 1.03 , 5.051 , 0.639
2018-07-27 12:19:02 , 530 , (84, 96, 64) , 30.221645915651244 , 99063.04047377358 , 252.55 , 5.081 , 1.039 , 5.051 , 0.645
2018-07-27 12:20:01 , 535 , (84, 96, 64) , 30.13096034997725 , 99066.96215122995 , 253.3 , 5.036 , 1.039 , 5.045 , 0.639
2018-07-27 12:21:02 , 526 , (85, 96, 63) , 30.273941305037646 , 99058.90029623848 , 252.65 , 5.084 , 1.042 , 5.054 , 0.642
2018-07-27 12:22:01 , 538 , (84, 96, 64) , 30.360092743253425 , 99062.07587403964 , 252.77 , 5.084 , 1.033 , 5.054 , 0.642
2018-07-27 12:23:02 , 531 , (85, 96, 63) , 30.332584730138866 , 99058.03017792352 , 252.41 , 5.084 , 1.033 , 5.048 , 0.642
2018-07-27 12:24:02 , 539 , (85, 96, 63) , 30.337119017366877 , 99061.51389092495 , 253.18 , 5.027 , 1.036 , 5.054 , 0.651
2018-07-27 12:25:02 , 547 , (84, 96, 64) , 30.303565297936824 , 99061.76006840692 , 252.6 , 2.809 , 1.036 , 5.051 , 0.642
2018-07-27 12:26:02 , 526 , (86, 95, 63) , 30.156352298052298 , 99072.19505383763 , 251.02 , 5.03 , 1.036 , 5.054 , 0.645
2018-07-27 12:27:02 , 632 , (84, 96, 65) , 30.243108181167212 , 99073.76875072614 , 251.59 , 3.539 , 1.039 , 5.045 , 0.642
2018-07-27 12:28:02 , 619 , (84, 95, 65) , 30.36069731507596 , 99066.10402146536 , 250.02 , 5.039 , 1.039 , 5.051 , 0.639
2018-07-27 12:29:02 , 653 , (83, 96, 66) , 30.330771015319282 , 99064.5605704877 , 250.02 , 5.039 , 1.045 , 5.051 , 0.642
2018-07-27 12:30:01 , 644 , (83, 95, 66) , 30.497632950042338 , 99067.27299770038 , 249.76 , 5.042 , 1.042 , 5.048 , 0.639
2018-07-27 12:31:02 , 1601 , (98, 90, 58) , 30.245526464964883 , 99064.09528515382 , 249.48 , 5.039 , 1.048 , 5.048 , 0.642
2018-07-27 12:32:01 , 653 , (83, 96, 66) , 30.361906458734666 , 99067.49985657992 , 249.56 , 5.042 , 1.042 , 5.051 , 0.642
2018-07-27 12:33:02 , 640 , (83, 96, 66) , 30.420247661879717 , 99064.69943193573 , 251.28 , 2.71 , 1.039 , 5.048 , 0.639
2018-07-27 12:34:01 , 648 , (83, 96, 66) , 30.52483873311305 , 99059.65204609542 , 254.29 , 5.042 , 1.036 , 5.051 , 0.645
2018-07-27 12:35:02 , 646 , (82, 95, 66) , 30.400296779355653 , 99059.68578013439 , 252.65 , 5.042 , 1.039 , 5.045 , 0.639
2018-07-27 12:36:02 , 641 , (83, 95, 66) , 30.436873401099366 , 99066.25863216896 , 250.47 , 2.02 , 1.036 , 5.048 , 0.636
2018-07-27 12:37:02 , 669 , (83, 95, 66) , 30.486448353006562 , 99059.78294663288 , 249.06 , 4.145 , 1.036 , 5.051 , 0.636
2018-07-27 12:38:02 , 658 , (83, 95, 66) , 30.214088781270426 , 99062.12957838186 , 248.36 , 5.06 , 1.036 , 5.057 , 0.636
2018-07-27 12:39:02 , 662 , (84, 95, 65) , 30.100731850823287 , 99065.87842465524 , 249.74 , 5.054 , 1.033 , 5.051 , 0.642
2018-07-27 12:40:02 , 1547 , (97, 90, 59) , 30.28633501502418 , 99060.27098798657 , 250.0 , 5.06 , 1.039 , 5.054 , 0.639
2018-07-27 12:41:01 , 653 , (84, 96, 65) , 30.13156492007629 , 99061.08719306157 , 250.09 , 5.051 , 1.036 , 5.051 , 0.636
2018-07-27 12:42:02 , 640 , (85, 96, 64) , 30.34074644733346 , 99049.81913559404 , 249.97 , 5.075 , 1.036 , 5.051 , 0.645
2018-07-27 12:43:01 , 639 , (85, 95, 65) , 30.458033437807263 , 99056.27095638253 , 249.78 , 5.075 , 1.039 , 5.048 , 0.639
2018-07-27 12:44:02 , 639 , (85, 95, 65) , 30.500051241497953 , 99055.37470131193 , 250.26 , 5.078 , 1.045 , 5.048 , 0.639
2018-07-27 12:45:01 , 667 , (84, 95, 65) , 30.4797980528042 , 99055.77732193834 , 250.58 , 5.078 , 1.042 , 5.045 , 0.639
2018-07-27 12:46:02 , 670 , (84, 95, 65) , 30.350721880585684 , 99056.25367619738 , 250.42 , 5.075 , 1.042 , 5.051 , 0.642
2018-07-27 12:47:02 , 671 , (83, 95, 66) , 30.430525391173273 , 99055.64199507493 , 249.68 , 5.084 , 1.048 , 5.054 , 0.645
2018-07-27 12:48:02 , 690 , (83, 95, 66) , 30.476472902909357 , 99056.25131537693 , 250.28 , 5.078 , 1.06 , 5.045 , 0.639
2018-07-27 12:49:02 , 677 , (84, 95, 66) , 30.575925172871212 , 99061.79466023036 , 249.59 , 0.696 , 1.039 , 5.048 , 0.642
2018-07-27 12:50:02 , 675 , (84, 95, 66) , 30.567158858415517 , 99061.87991499188 , 249.48 , 2.644 , 1.042 , 5.048 , 0.639
2018-07-27 12:51:02 , 678 , (84, 95, 66) , 30.758808847653587 , 99056.20748902322 , 250.16 , 5.084 , 1.036 , 5.048 , 0.645
2018-07-27 12:52:02 , 658 , (85, 95, 65) , 30.66056549955538 , 99051.72550585512 , 249.87 , 5.084 , 1.033 , 5.048 , 0.642
2018-07-27 12:53:02 , 662 , (84, 95, 66) , 30.479193480085815 , 99061.65562644544 , 250.37 , 5.09 , 1.03 , 5.057 , 0.636
2018-07-27 12:54:01 , 653 , (84, 95, 65) , 30.6599609254773 , 99060.33934718113 , 250.49 , 5.084 , 1.036 , 5.048 , 0.642
2018-07-27 12:55:02 , 658 , (84, 95, 65) , 30.58983036327927 , 99058.11877449238 , 250.6 , 5.087 , 1.036 , 5.048 , 0.648
2018-07-27 12:56:01 , 536 , (87, 95, 63) , 30.46407916360413 , 99057.443394746 , 251.07 , 5.087 , 1.039 , 5.054 , 0.639
2018-07-27 12:57:02 , 536 , (88, 95, 62) , 30.351931024094323 , 99053.038453366 , 250.81 , 5.087 , 1.033 , 5.048 , 0.636
2018-07-27 12:58:01 , 539 , (87, 95, 63) , 30.253385887809806 , 99050.88385572519 , 251.92 , 5.09 , 1.033 , 5.048 , 0.642
2018-07-27 12:59:02 , 541 , (88, 95, 63) , 30.183255680360183 , 99051.72723020434 , 250.07 , 5.087 , 1.033 , 5.048 , 0.639
2018-07-27 13:00:01 , 541 , (87, 95, 63) , 30.17328026789219 , 99048.70838809524 , 252.55 , 5.09 , 1.033 , 5.054 , 0.639
2018-07-27 13:01:02 , 639 , (86, 95, 65) , 30.346187592590287 , 99045.7681215325 , 250.55 , 5.087 , 1.033 , 5.051 , 0.648
2018-07-27 13:02:01 , 659 , (85, 95, 65) , 30.398483063008122 , 99046.57594523141 , 250.76 , 5.087 , 1.036 , 5.051 , 0.645
2018-07-27 13:03:02 , 648 , (85, 95, 64) , 30.319284155745684 , 99041.82325676022 , 250.41 , 5.087 , 1.036 , 5.051 , 0.645
2018-07-27 13:04:01 , 662 , (85, 95, 65) , 30.33923501816082 , 99040.17613081605 , 250.04 , 5.087 , 1.03 , 5.051 , 0.636
2018-07-27 13:05:02 , 658 , (85, 95, 65) , 30.461358586939262 , 99040.5951078216 , 251.97 , 5.087 , 1.03 , 5.048 , 0.645
2018-07-27 13:06:01 , 682 , (84, 95, 65) , 30.417829372825167 , 99041.92442816152 , 250.72 , 5.093 , 1.033 , 5.054 , 0.648
2018-07-27 13:07:02 , 682 , (84, 95, 65) , 30.571693158876677 , 99043.66806979828 , 250.19 , 5.087 , 1.036 , 5.048 , 0.642
2018-07-27 13:08:02 , 682 , (84, 95, 65) , 30.48040262552713 , 99039.13781300499 , 251.16 , 5.087 , 1.033 , 5.051 , 0.642
2018-07-27 13:09:02 , 680 , (85, 95, 65) , 30.38790305179655 , 99040.72428248131 , 251.32 , 5.087 , 1.036 , 5.051 , 0.645
2018-07-27 13:10:02 , 527 , (85, 93, 67) , 30.54327821354127 , 99039.13237171085 , 250.72 , 5.087 , 1.03 , 5.054 , 0.642
2018-07-27 13:11:02 , 664 , (84, 96, 65) , 30.49914438219357 , 99037.80102831607 , 250.41 , 5.081 , 1.03 , 5.048 , 0.645
2018-07-27 13:12:02 , 668 , (83, 96, 65) , 30.431432249703448 , 99039.0538808792 , 252.19 , 5.087 , 1.03 , 5.048 , 0.639
2018-07-27 13:13:02 , 669 , (83, 96, 65) , 30.519095289253528 , 99031.53961375098 , 250.45 , 5.084 , 1.033 , 5.051 , 0.642
2018-07-27 13:14:02 , 664 , (84, 96, 65) , 30.480704911890303 , 99034.06351301061 , 249.12 , 3.761 , 1.036 , 5.054 , 0.642
2018-07-27 13:15:01 , 662 , (84, 95, 65) , 30.578041179952038 , 99033.95668019539 , 251.47 , 5.081 , 1.036 , 5.045 , 0.642
2018-07-27 13:16:02 , 674 , (84, 95, 65) , 30.536930195211447 , 99034.32271635924 , 251.03 , 5.084 , 1.033 , 5.048 , 0.639
2018-07-27 13:17:02 , 661 , (84, 96, 65) , 30.693212506524652 , 99034.06557536745 , 251.51 , 5.075 , 1.03 , 5.054 , 0.636
2018-07-27 13:18:02 , 590 , (85, 95, 64) , 30.451383139955944 , 99029.89006639856 , 252.07 , 5.051 , 1.036 , 5.045 , 0.642
2018-07-27 13:19:02 , 593 , (85, 95, 64) , 30.5021672465813 , 99030.78573456427 , 253.09 , 5.051 , 1.036 , 5.054 , 0.645
2018-07-27 13:20:02 , 582 , (85, 95, 64) , 30.448662563720813 , 99030.8058768881 , 253.31 , 5.048 , 1.054 , 5.051 , 0.645
2018-07-27 13:21:02 , 574 , (84, 95, 65) , 30.46982260353236 , 99031.23617279802 , 252.01 , 5.057 , 1.03 , 5.048 , 0.645
2018-07-27 13:22:02 , 585 , (84, 95, 65) , 30.310215583557714 , 99028.70877723389 , 252.2 , 5.057 , 1.027 , 5.048 , 0.639
2018-07-27 13:23:02 , 579 , (84, 95, 66) , 30.552044525392397 , 99029.30948273955 , 252.76 , 5.06 , 1.033 , 5.045 , 0.642
2018-07-27 13:24:01 , 1564 , (98, 90, 59) , 30.375207040180975 , 99030.76502841488 , 252.35 , 5.063 , 1.033 , 5.045 , 0.642
2018-07-27 13:25:02 , 608 , (84, 95, 65) , 30.507608402765708 , 99031.5161167332 , 252.55 , 5.063 , 1.039 , 5.048 , 0.642
2018-07-27 13:26:01 , 610 , (84, 95, 65) , 30.746717352176734 , 99026.69228016592 , 252.93 , 5.054 , 1.039 , 5.045 , 0.642
2018-07-27 13:27:02 , 566 , (85, 95, 65) , 30.73190527269653 , 99027.4863870086 , 251.09 , 5.063 , 1.039 , 5.045 , 0.642
2018-07-27 13:28:01 , 606 , (84, 95, 65) , 30.218925347192293 , 99025.53871097673 , 253.78 , 5.069 , 1.036 , 5.042 , 0.639
2018-07-27 13:29:02 , 608 , (83, 95, 67) , 30.538743914683096 , 99026.0817258173 , 250.94 , 5.066 , 1.036 , 5.045 , 0.639
2018-07-27 13:30:02 , 608 , (83, 95, 67) , 30.56171769819978 , 99022.7114999541 , 252.6 , 5.066 , 1.036 , 5.048 , 0.648
2018-07-27 13:31:02 , 580 , (83, 94, 68) , 30.539046201265684 , 99020.8361354599 , 252.01 , 5.057 , 1.036 , 5.048 , 0.639
2018-07-27 13:32:02 , 573 , (83, 94, 67) , 30.604340129748106 , 99020.88610753603 , 251.88 , 5.069 , 1.042 , 5.054 , 0.636
2018-07-27 13:33:02 , 580 , (83, 94, 67) , 30.707117717223536 , 99018.4266141855 , 255.35 , 5.066 , 1.039 , 5.045 , 0.642
2018-07-27 13:34:02 , 580 , (82, 94, 68) , 30.80808171053068 , 99015.14899212556 , 251.57 , 5.075 , 1.033 , 5.045 , 0.645
2018-07-27 13:35:02 , 587 , (82, 94, 68) , 30.831055571031538 , 99018.09792558527 , 253.34 , 5.072 , 1.033 , 5.048 , 0.642
2018-07-27 13:36:02 , 2325 , (102, 89, 56) , 30.436873401099366 , 99026.46199394086 , 254.71 , 5.069 , 1.033 , 5.045 , 0.645
2018-07-27 13:37:01 , 2399 , (102, 89, 56) , 30.223459628008367 , 99023.55799614683 , 254.75 , 5.069 , 1.03 , 5.048 , 0.639
2018-07-27 13:38:02 , 2382 , (102, 89, 56) , 30.293892156197785 , 99025.49250661934 , 254.29 , 5.069 , 1.033 , 5.048 , 0.651
2018-07-27 13:39:01 , 2373 , (102, 89, 56) , 30.135796910896897 , 99023.88900089967 , 253.93 , 5.069 , 1.033 , 5.048 , 0.639
2018-07-27 13:40:02 , 2355 , (102, 89, 56) , 29.973167709610514 , 99014.52714616852 , 253.71 , 5.069 , 1.03 , 5.045 , 0.642
2018-07-27 13:41:01 , 2275 , (102, 89, 56) , 29.94475297586905 , 99008.96616007356 , 252.48 , 5.069 , 1.03 , 5.045 , 0.642
2018-07-27 13:42:02 , 2286 , (102, 89, 56) , 30.078060483918513 , 99012.10490796497 , 252.65 , 5.069 , 1.03 , 5.048 , 0.642
2018-07-27 13:43:02 , 2316 , (102, 89, 56) , 29.924197642828585 , 99013.41103202848 , 252.14 , 5.069 , 1.033 , 5.048 , 0.645
2018-07-27 13:44:02 , 2380 , (102, 89, 56) , 29.851347166589427 , 99019.087698383 , 252.21 , 5.069 , 1.042 , 5.048 , 0.642
2018-07-27 13:45:01 , 2380 , (102, 89, 56) , 30.061434818919317 , 99015.49581731125 , 253.41 , 5.069 , 1.033 , 5.048 , 0.642
2018-07-27 13:46:02 , 2381 , (102, 89, 56) , 29.978608829983568 , 99010.82042149085 , 252.59 , 5.072 , 1.027 , 5.048 , 0.642
2018-07-27 13:47:01 , 1876 , (98, 90, 57) , 29.98858421829084 , 99014.00915906942 , 252.83 , 5.072 , 1.027 , 5.048 , 0.648
2018-07-27 13:48:02 , 1907 , (100, 89, 57) , 30.028183499238004 , 99006.06142824709 , 252.91 , 5.072 , 1.033 , 5.048 , 0.648
2018-07-27 13:49:01 , 2346 , (102, 89, 56) , 29.852858586587537 , 99016.77854362677 , 251.27 , 5.078 , 1.036 , 5.051 , 0.639
2018-07-27 13:50:02 , 1973 , (100, 89, 57) , 29.88459841311326 , 99011.11637926716 , 252.34 , 5.072 , 1.042 , 5.048 , 0.648
2018-07-27 13:51:02 , 2368 , (102, 89, 56) , 28.826308669866194 , 99019.14522404125 , 254.11 , 5.078 , 1.039 , 5.051 , 0.642
2018-07-27 13:52:02 , 1841 , (100, 89, 57) , 29.01432713789627 , 99022.55418431398 , 253.17 , 4.829 , 1.045 , 5.045 , 0.642
2018-07-27 13:53:02 , 2120 , (102, 89, 56) , 29.79391322772174 , 99017.07830915597 , 253.64 , 5.069 , 1.042 , 5.054 , 0.642
2018-07-27 13:54:02 , 1957 , (103, 88, 56) , 29.23529474211175 , 99013.68491122844 , 254.83 , 5.054 , 1.033 , 5.045 , 0.639
Traceback (most recent call last):
  File "/home/pi/Code_at_TACC_Robotics/Connected/sensor_collector-csv.py", line 7, in <module>
    print ('{:%Y-%m-%d %H:%M:%S}'.format(datetime.datetime.now()),",",light.light(),",",light.rgb(),",",weather.temperature(),",",weather.pressure(unit='kPa'),",",motion.heading(),",",analog.read(0),",",analog.read(1),",",analog.read(2),",",analog.read(3))
  File "/usr/lib/python3/dist-packages/envirophat/tcs3472.py", line 80, in light
    return self.raw()[CH_CLEAR]
  File "/usr/lib/python3/dist-packages/envirophat/tcs3472.py", line 88, in raw
    self.setup()
  File "/usr/lib/python3/dist-packages/envirophat/tcs3472.py", line 44, in setup
    self.i2c_bus.write_byte_data(ADDR, REG_ENABLE, REG_ENABLE_RGBC | REG_ENABLE_POWER)
OSError: [Errno 121] Remote I/O error
Traceback (most recent call last):
  File "/home/pi/Code_at_TACC_Robotics/Connected/sensor_collector-csv.py", line 7, in <module>
    print ('{:%Y-%m-%d %H:%M:%S}'.format(datetime.datetime.now()),",",light.light(),",",light.rgb(),",",weather.temperature(),",",weather.pressure(unit='kPa'),",",motion.heading(),",",analog.read(0),",",analog.read(1),",",analog.read(2),",",analog.read(3))
  File "/usr/lib/python3/dist-packages/envirophat/tcs3472.py", line 80, in light
    return self.raw()[CH_CLEAR]
  File "/usr/lib/python3/dist-packages/envirophat/tcs3472.py", line 88, in raw
    self.setup()
  File "/usr/lib/python3/dist-packages/envirophat/tcs3472.py", line 44, in setup
    self.i2c_bus.write_byte_data(ADDR, REG_ENABLE, REG_ENABLE_RGBC | REG_ENABLE_POWER)
OSError: [Errno 121] Remote I/O error
Traceback (most recent call last):
  File "/home/pi/Code_at_TACC_Robotics/Connected/sensor_collector-csv.py", line 7, in <module>
    print ('{:%Y-%m-%d %H:%M:%S}'.format(datetime.datetime.now()),",",light.light(),",",light.rgb(),",",weather.temperature(),",",weather.pressure(unit='kPa'),",",motion.heading(),",",analog.read(0),",",analog.read(1),",",analog.read(2),",",analog.read(3))
  File "/usr/lib/python3/dist-packages/envirophat/tcs3472.py", line 80, in light
    return self.raw()[CH_CLEAR]
  File "/usr/lib/python3/dist-packages/envirophat/tcs3472.py", line 88, in raw
    self.setup()
  File "/usr/lib/python3/dist-packages/envirophat/tcs3472.py", line 44, in setup
    self.i2c_bus.write_byte_data(ADDR, REG_ENABLE, REG_ENABLE_RGBC | REG_ENABLE_POWER)
OSError: [Errno 121] Remote I/O error
Traceback (most recent call last):
  File "/home/pi/Code_at_TACC_Robotics/Connected/sensor_collector-csv.py", line 7, in <module>
    print ('{:%Y-%m-%d %H:%M:%S}'.format(datetime.datetime.now()),",",light.light(),",",light.rgb(),",",weather.temperature(),",",weather.pressure(unit='kPa'),",",motion.heading(),",",analog.read(0),",",analog.read(1),",",analog.read(2),",",analog.read(3))
  File "/usr/lib/python3/dist-packages/envirophat/tcs3472.py", line 80, in light
    return self.raw()[CH_CLEAR]
  File "/usr/lib/python3/dist-packages/envirophat/tcs3472.py", line 88, in raw
    self.setup()
  File "/usr/lib/python3/dist-packages/envirophat/tcs3472.py", line 44, in setup
    self.i2c_bus.write_byte_data(ADDR, REG_ENABLE, REG_ENABLE_RGBC | REG_ENABLE_POWER)
OSError: [Errno 121] Remote I/O error
Traceback (most recent call last):
  File "/home/pi/Code_at_TACC_Robotics/Connected/sensor_collector-csv.py", line 7, in <module>
    print ('{:%Y-%m-%d %H:%M:%S}'.format(datetime.datetime.now()),",",light.light(),",",light.rgb(),",",weather.temperature(),",",weather.pressure(unit='kPa'),",",motion.heading(),",",analog.read(0),",",analog.read(1),",",analog.read(2),",",analog.read(3))
  File "/usr/lib/python3/dist-packages/envirophat/tcs3472.py", line 80, in light
    return self.raw()[CH_CLEAR]
  File "/usr/lib/python3/dist-packages/envirophat/tcs3472.py", line 88, in raw
    self.setup()
  File "/usr/lib/python3/dist-packages/envirophat/tcs3472.py", line 44, in setup
    self.i2c_bus.write_byte_data(ADDR, REG_ENABLE, REG_ENABLE_RGBC | REG_ENABLE_POWER)
OSError: [Errno 121] Remote I/O error
Traceback (most recent call last):
  File "/home/pi/Code_at_TACC_Robotics/Connected/sensor_collector-csv.py", line 7, in <module>
    print ('{:%Y-%m-%d %H:%M:%S}'.format(datetime.datetime.now()),",",light.light(),",",light.rgb(),",",weather.temperature(),",",weather.pressure(unit='kPa'),",",motion.heading(),",",analog.read(0),",",analog.read(1),",",analog.read(2),",",analog.read(3))
  File "/usr/lib/python3/dist-packages/envirophat/tcs3472.py", line 80, in light
    return self.raw()[CH_CLEAR]
  File "/usr/lib/python3/dist-packages/envirophat/tcs3472.py", line 88, in raw
    self.setup()
  File "/usr/lib/python3/dist-packages/envirophat/tcs3472.py", line 44, in setup
    self.i2c_bus.write_byte_data(ADDR, REG_ENABLE, REG_ENABLE_RGBC | REG_ENABLE_POWER)
OSError: [Errno 121] Remote I/O error
Traceback (most recent call last):
  File "/home/pi/Code_at_TACC_Robotics/Connected/sensor_collector-csv.py", line 7, in <module>
    print ('{:%Y-%m-%d %H:%M:%S}'.format(datetime.datetime.now()),",",light.light(),",",light.rgb(),",",weather.temperature(),",",weather.pressure(unit='kPa'),",",motion.heading(),",",analog.read(0),",",analog.read(1),",",analog.read(2),",",analog.read(3))
  File "/usr/lib/python3/dist-packages/envirophat/tcs3472.py", line 80, in light
    return self.raw()[CH_CLEAR]
  File "/usr/lib/python3/dist-packages/envirophat/tcs3472.py", line 88, in raw
    self.setup()
  File "/usr/lib/python3/dist-packages/envirophat/tcs3472.py", line 44, in setup
    self.i2c_bus.write_byte_data(ADDR, REG_ENABLE, REG_ENABLE_RGBC | REG_ENABLE_POWER)
OSError: [Errno 121] Remote I/O error
Traceback (most recent call last):
  File "/home/pi/Code_at_TACC_Robotics/Connected/sensor_collector-csv.py", line 7, in <module>
    print ('{:%Y-%m-%d %H:%M:%S}'.format(datetime.datetime.now()),",",light.light(),",",light.rgb(),",",weather.temperature(),",",weather.pressure(unit='kPa'),",",motion.heading(),",",analog.read(0),",",analog.read(1),",",analog.read(2),",",analog.read(3))
  File "/usr/lib/python3/dist-packages/envirophat/tcs3472.py", line 80, in light
    return self.raw()[CH_CLEAR]
  File "/usr/lib/python3/dist-packages/envirophat/tcs3472.py", line 88, in raw
    self.setup()
  File "/usr/lib/python3/dist-packages/envirophat/tcs3472.py", line 44, in setup
    self.i2c_bus.write_byte_data(ADDR, REG_ENABLE, REG_ENABLE_RGBC | REG_ENABLE_POWER)
OSError: [Errno 121] Remote I/O error
Traceback (most recent call last):
  File "/home/pi/Code_at_TACC_Robotics/Connected/sensor_collector-csv.py", line 7, in <module>
    print ('{:%Y-%m-%d %H:%M:%S}'.format(datetime.datetime.now()),",",light.light(),",",light.rgb(),",",weather.temperature(),",",weather.pressure(unit='kPa'),",",motion.heading(),",",analog.read(0),",",analog.read(1),",",analog.read(2),",",analog.read(3))
  File "/usr/lib/python3/dist-packages/envirophat/tcs3472.py", line 80, in light
    return self.raw()[CH_CLEAR]
  File "/usr/lib/python3/dist-packages/envirophat/tcs3472.py", line 88, in raw
    self.setup()
  File "/usr/lib/python3/dist-packages/envirophat/tcs3472.py", line 44, in setup
    self.i2c_bus.write_byte_data(ADDR, REG_ENABLE, REG_ENABLE_RGBC | REG_ENABLE_POWER)
OSError: [Errno 121] Remote I/O error
Traceback (most recent call last):
  File "/home/pi/Code_at_TACC_Robotics/Connected/sensor_collector-csv.py", line 7, in <module>
    print ('{:%Y-%m-%d %H:%M:%S}'.format(datetime.datetime.now()),",",light.light(),",",light.rgb(),",",weather.temperature(),",",weather.pressure(unit='kPa'),",",motion.heading(),",",analog.read(0),",",analog.read(1),",",analog.read(2),",",analog.read(3))
  File "/usr/lib/python3/dist-packages/envirophat/tcs3472.py", line 80, in light
    return self.raw()[CH_CLEAR]
  File "/usr/lib/python3/dist-packages/envirophat/tcs3472.py", line 88, in raw
    self.setup()
  File "/usr/lib/python3/dist-packages/envirophat/tcs3472.py", line 44, in setup
    self.i2c_bus.write_byte_data(ADDR, REG_ENABLE, REG_ENABLE_RGBC | REG_ENABLE_POWER)
OSError: [Errno 121] Remote I/O error
Traceback (most recent call last):
  File "/home/pi/Code_at_TACC_Robotics/Connected/sensor_collector-csv.py", line 7, in <module>
    print ('{:%Y-%m-%d %H:%M:%S}'.format(datetime.datetime.now()),",",light.light(),",",light.rgb(),",",weather.temperature(),",",weather.pressure(unit='kPa'),",",motion.heading(),",",analog.read(0),",",analog.read(1),",",analog.read(2),",",analog.read(3))
  File "/usr/lib/python3/dist-packages/envirophat/tcs3472.py", line 80, in light
    return self.raw()[CH_CLEAR]
  File "/usr/lib/python3/dist-packages/envirophat/tcs3472.py", line 88, in raw
    self.setup()
  File "/usr/lib/python3/dist-packages/envirophat/tcs3472.py", line 44, in setup
    self.i2c_bus.write_byte_data(ADDR, REG_ENABLE, REG_ENABLE_RGBC | REG_ENABLE_POWER)
OSError: [Errno 121] Remote I/O error
Traceback (most recent call last):
  File "/home/pi/Code_at_TACC_Robotics/Connected/sensor_collector-csv.py", line 7, in <module>
    print ('{:%Y-%m-%d %H:%M:%S}'.format(datetime.datetime.now()),",",light.light(),",",light.rgb(),",",weather.temperature(),",",weather.pressure(unit='kPa'),",",motion.heading(),",",analog.read(0),",",analog.read(1),",",analog.read(2),",",analog.read(3))
  File "/usr/lib/python3/dist-packages/envirophat/tcs3472.py", line 80, in light
    return self.raw()[CH_CLEAR]
  File "/usr/lib/python3/dist-packages/envirophat/tcs3472.py", line 88, in raw
    self.setup()
  File "/usr/lib/python3/dist-packages/envirophat/tcs3472.py", line 44, in setup
    self.i2c_bus.write_byte_data(ADDR, REG_ENABLE, REG_ENABLE_RGBC | REG_ENABLE_POWER)
OSError: [Errno 121] Remote I/O error
Traceback (most recent call last):
  File "/home/pi/Code_at_TACC_Robotics/Connected/sensor_collector-csv.py", line 7, in <module>
    print ('{:%Y-%m-%d %H:%M:%S}'.format(datetime.datetime.now()),",",light.light(),",",light.rgb(),",",weather.temperature(),",",weather.pressure(unit='kPa'),",",motion.heading(),",",analog.read(0),",",analog.read(1),",",analog.read(2),",",analog.read(3))
  File "/usr/lib/python3/dist-packages/envirophat/tcs3472.py", line 80, in light
    return self.raw()[CH_CLEAR]
  File "/usr/lib/python3/dist-packages/envirophat/tcs3472.py", line 88, in raw
    self.setup()
  File "/usr/lib/python3/dist-packages/envirophat/tcs3472.py", line 44, in setup
    self.i2c_bus.write_byte_data(ADDR, REG_ENABLE, REG_ENABLE_RGBC | REG_ENABLE_POWER)
OSError: [Errno 121] Remote I/O error
Traceback (most recent call last):
  File "/home/pi/Code_at_TACC_Robotics/Connected/sensor_collector-csv.py", line 7, in <module>
    print ('{:%Y-%m-%d %H:%M:%S}'.format(datetime.datetime.now()),",",light.light(),",",light.rgb(),",",weather.temperature(),",",weather.pressure(unit='kPa'),",",motion.heading(),",",analog.read(0),",",analog.read(1),",",analog.read(2),",",analog.read(3))
  File "/usr/lib/python3/dist-packages/envirophat/tcs3472.py", line 80, in light
    return self.raw()[CH_CLEAR]
  File "/usr/lib/python3/dist-packages/envirophat/tcs3472.py", line 88, in raw
    self.setup()
  File "/usr/lib/python3/dist-packages/envirophat/tcs3472.py", line 44, in setup
    self.i2c_bus.write_byte_data(ADDR, REG_ENABLE, REG_ENABLE_RGBC | REG_ENABLE_POWER)
OSError: [Errno 121] Remote I/O error
Traceback (most recent call last):
  File "/home/pi/Code_at_TACC_Robotics/Connected/sensor_collector-csv.py", line 7, in <module>
    print ('{:%Y-%m-%d %H:%M:%S}'.format(datetime.datetime.now()),",",light.light(),",",light.rgb(),",",weather.temperature(),",",weather.pressure(unit='kPa'),",",motion.heading(),",",analog.read(0),",",analog.read(1),",",analog.read(2),",",analog.read(3))
  File "/usr/lib/python3/dist-packages/envirophat/tcs3472.py", line 80, in light
    return self.raw()[CH_CLEAR]
  File "/usr/lib/python3/dist-packages/envirophat/tcs3472.py", line 88, in raw
    self.setup()
  File "/usr/lib/python3/dist-packages/envirophat/tcs3472.py", line 44, in setup
    self.i2c_bus.write_byte_data(ADDR, REG_ENABLE, REG_ENABLE_RGBC | REG_ENABLE_POWER)
OSError: [Errno 121] Remote I/O error
Traceback (most recent call last):
  File "/home/pi/Code_at_TACC_Robotics/Connected/sensor_collector-csv.py", line 7, in <module>
    print ('{:%Y-%m-%d %H:%M:%S}'.format(datetime.datetime.now()),",",light.light(),",",light.rgb(),",",weather.temperature(),",",weather.pressure(unit='kPa'),",",motion.heading(),",",analog.read(0),",",analog.read(1),",",analog.read(2),",",analog.read(3))
  File "/usr/lib/python3/dist-packages/envirophat/tcs3472.py", line 80, in light
    return self.raw()[CH_CLEAR]
  File "/usr/lib/python3/dist-packages/envirophat/tcs3472.py", line 88, in raw
    self.setup()
  File "/usr/lib/python3/dist-packages/envirophat/tcs3472.py", line 44, in setup
    self.i2c_bus.write_byte_data(ADDR, REG_ENABLE, REG_ENABLE_RGBC | REG_ENABLE_POWER)
OSError: [Errno 121] Remote I/O error
Traceback (most recent call last):
  File "/home/pi/Code_at_TACC_Robotics/Connected/sensor_collector-csv.py", line 7, in <module>
    print ('{:%Y-%m-%d %H:%M:%S}'.format(datetime.datetime.now()),",",light.light(),",",light.rgb(),",",weather.temperature(),",",weather.pressure(unit='kPa'),",",motion.heading(),",",analog.read(0),",",analog.read(1),",",analog.read(2),",",analog.read(3))
  File "/usr/lib/python3/dist-packages/envirophat/tcs3472.py", line 80, in light
    return self.raw()[CH_CLEAR]
  File "/usr/lib/python3/dist-packages/envirophat/tcs3472.py", line 88, in raw
    self.setup()
  File "/usr/lib/python3/dist-packages/envirophat/tcs3472.py", line 44, in setup
    self.i2c_bus.write_byte_data(ADDR, REG_ENABLE, REG_ENABLE_RGBC | REG_ENABLE_POWER)
OSError: [Errno 121] Remote I/O error
Traceback (most recent call last):
  File "/home/pi/Code_at_TACC_Robotics/Connected/sensor_collector-csv.py", line 7, in <module>
    print ('{:%Y-%m-%d %H:%M:%S}'.format(datetime.datetime.now()),",",light.light(),",",light.rgb(),",",weather.temperature(),",",weather.pressure(unit='kPa'),",",motion.heading(),",",analog.read(0),",",analog.read(1),",",analog.read(2),",",analog.read(3))
  File "/usr/lib/python3/dist-packages/envirophat/tcs3472.py", line 80, in light
    return self.raw()[CH_CLEAR]
  File "/usr/lib/python3/dist-packages/envirophat/tcs3472.py", line 88, in raw
    self.setup()
  File "/usr/lib/python3/dist-packages/envirophat/tcs3472.py", line 44, in setup
    self.i2c_bus.write_byte_data(ADDR, REG_ENABLE, REG_ENABLE_RGBC | REG_ENABLE_POWER)
OSError: [Errno 121] Remote I/O error
Traceback (most recent call last):
  File "/home/pi/Code_at_TACC_Robotics/Connected/sensor_collector-csv.py", line 7, in <module>
    print ('{:%Y-%m-%d %H:%M:%S}'.format(datetime.datetime.now()),",",light.light(),",",light.rgb(),",",weather.temperature(),",",weather.pressure(unit='kPa'),",",motion.heading(),",",analog.read(0),",",analog.read(1),",",analog.read(2),",",analog.read(3))
  File "/usr/lib/python3/dist-packages/envirophat/tcs3472.py", line 80, in light
    return self.raw()[CH_CLEAR]
  File "/usr/lib/python3/dist-packages/envirophat/tcs3472.py", line 88, in raw
    self.setup()
  File "/usr/lib/python3/dist-packages/envirophat/tcs3472.py", line 44, in setup
    self.i2c_bus.write_byte_data(ADDR, REG_ENABLE, REG_ENABLE_RGBC | REG_ENABLE_POWER)
OSError: [Errno 121] Remote I/O error
Traceback (most recent call last):
  File "/home/pi/Code_at_TACC_Robotics/Connected/sensor_collector-csv.py", line 7, in <module>
    print ('{:%Y-%m-%d %H:%M:%S}'.format(datetime.datetime.now()),",",light.light(),",",light.rgb(),",",weather.temperature(),",",weather.pressure(unit='kPa'),",",motion.heading(),",",analog.read(0),",",analog.read(1),",",analog.read(2),",",analog.read(3))
  File "/usr/lib/python3/dist-packages/envirophat/tcs3472.py", line 80, in light
    return self.raw()[CH_CLEAR]
  File "/usr/lib/python3/dist-packages/envirophat/tcs3472.py", line 88, in raw
    self.setup()
  File "/usr/lib/python3/dist-packages/envirophat/tcs3472.py", line 44, in setup
    self.i2c_bus.write_byte_data(ADDR, REG_ENABLE, REG_ENABLE_RGBC | REG_ENABLE_POWER)
OSError: [Errno 121] Remote I/O error
Traceback (most recent call last):
  File "/home/pi/Code_at_TACC_Robotics/Connected/sensor_collector-csv.py", line 7, in <module>
    print ('{:%Y-%m-%d %H:%M:%S}'.format(datetime.datetime.now()),",",light.light(),",",light.rgb(),",",weather.temperature(),",",weather.pressure(unit='kPa'),",",motion.heading(),",",analog.read(0),",",analog.read(1),",",analog.read(2),",",analog.read(3))
  File "/usr/lib/python3/dist-packages/envirophat/tcs3472.py", line 80, in light
    return self.raw()[CH_CLEAR]
  File "/usr/lib/python3/dist-packages/envirophat/tcs3472.py", line 88, in raw
    self.setup()
  File "/usr/lib/python3/dist-packages/envirophat/tcs3472.py", line 44, in setup
    self.i2c_bus.write_byte_data(ADDR, REG_ENABLE, REG_ENABLE_RGBC | REG_ENABLE_POWER)
OSError: [Errno 121] Remote I/O error
Traceback (most recent call last):
  File "/home/pi/Code_at_TACC_Robotics/Connected/sensor_collector-csv.py", line 7, in <module>
    print ('{:%Y-%m-%d %H:%M:%S}'.format(datetime.datetime.now()),",",light.light(),",",light.rgb(),",",weather.temperature(),",",weather.pressure(unit='kPa'),",",motion.heading(),",",analog.read(0),",",analog.read(1),",",analog.read(2),",",analog.read(3))
  File "/usr/lib/python3/dist-packages/envirophat/tcs3472.py", line 80, in light
    return self.raw()[CH_CLEAR]
  File "/usr/lib/python3/dist-packages/envirophat/tcs3472.py", line 88, in raw
    self.setup()
  File "/usr/lib/python3/dist-packages/envirophat/tcs3472.py", line 44, in setup
    self.i2c_bus.write_byte_data(ADDR, REG_ENABLE, REG_ENABLE_RGBC | REG_ENABLE_POWER)
OSError: [Errno 121] Remote I/O error
Traceback (most recent call last):
  File "/home/pi/Code_at_TACC_Robotics/Connected/sensor_collector-csv.py", line 7, in <module>
    print ('{:%Y-%m-%d %H:%M:%S}'.format(datetime.datetime.now()),",",light.light(),",",light.rgb(),",",weather.temperature(),",",weather.pressure(unit='kPa'),",",motion.heading(),",",analog.read(0),",",analog.read(1),",",analog.read(2),",",analog.read(3))
  File "/usr/lib/python3/dist-packages/envirophat/tcs3472.py", line 80, in light
    return self.raw()[CH_CLEAR]
  File "/usr/lib/python3/dist-packages/envirophat/tcs3472.py", line 88, in raw
    self.setup()
  File "/usr/lib/python3/dist-packages/envirophat/tcs3472.py", line 44, in setup
    self.i2c_bus.write_byte_data(ADDR, REG_ENABLE, REG_ENABLE_RGBC | REG_ENABLE_POWER)
OSError: [Errno 121] Remote I/O error
Traceback (most recent call last):
  File "/home/pi/Code_at_TACC_Robotics/Connected/sensor_collector-csv.py", line 7, in <module>
    print ('{:%Y-%m-%d %H:%M:%S}'.format(datetime.datetime.now()),",",light.light(),",",light.rgb(),",",weather.temperature(),",",weather.pressure(unit='kPa'),",",motion.heading(),",",analog.read(0),",",analog.read(1),",",analog.read(2),",",analog.read(3))
  File "/usr/lib/python3/dist-packages/envirophat/tcs3472.py", line 80, in light
    return self.raw()[CH_CLEAR]
  File "/usr/lib/python3/dist-packages/envirophat/tcs3472.py", line 88, in raw
    self.setup()
  File "/usr/lib/python3/dist-packages/envirophat/tcs3472.py", line 44, in setup
    self.i2c_bus.write_byte_data(ADDR, REG_ENABLE, REG_ENABLE_RGBC | REG_ENABLE_POWER)
OSError: [Errno 121] Remote I/O error
Traceback (most recent call last):
  File "/home/pi/Code_at_TACC_Robotics/Connected/sensor_collector-csv.py", line 7, in <module>
    print ('{:%Y-%m-%d %H:%M:%S}'.format(datetime.datetime.now()),",",light.light(),",",light.rgb(),",",weather.temperature(),",",weather.pressure(unit='kPa'),",",motion.heading(),",",analog.read(0),",",analog.read(1),",",analog.read(2),",",analog.read(3))
  File "/usr/lib/python3/dist-packages/envirophat/tcs3472.py", line 80, in light
    return self.raw()[CH_CLEAR]
  File "/usr/lib/python3/dist-packages/envirophat/tcs3472.py", line 88, in raw
    self.setup()
  File "/usr/lib/python3/dist-packages/envirophat/tcs3472.py", line 44, in setup
    self.i2c_bus.write_byte_data(ADDR, REG_ENABLE, REG_ENABLE_RGBC | REG_ENABLE_POWER)
OSError: [Errno 121] Remote I/O error
Traceback (most recent call last):
  File "/home/pi/Code_at_TACC_Robotics/Connected/sensor_collector-csv.py", line 7, in <module>
    print ('{:%Y-%m-%d %H:%M:%S}'.format(datetime.datetime.now()),",",light.light(),",",light.rgb(),",",weather.temperature(),",",weather.pressure(unit='kPa'),",",motion.heading(),",",analog.read(0),",",analog.read(1),",",analog.read(2),",",analog.read(3))
  File "/usr/lib/python3/dist-packages/envirophat/tcs3472.py", line 80, in light
    return self.raw()[CH_CLEAR]
  File "/usr/lib/python3/dist-packages/envirophat/tcs3472.py", line 88, in raw
    self.setup()
  File "/usr/lib/python3/dist-packages/envirophat/tcs3472.py", line 44, in setup
    self.i2c_bus.write_byte_data(ADDR, REG_ENABLE, REG_ENABLE_RGBC | REG_ENABLE_POWER)
OSError: [Errno 121] Remote I/O error
Traceback (most recent call last):
  File "/home/pi/Code_at_TACC_Robotics/Connected/sensor_collector-csv.py", line 7, in <module>
    print ('{:%Y-%m-%d %H:%M:%S}'.format(datetime.datetime.now()),",",light.light(),",",light.rgb(),",",weather.temperature(),",",weather.pressure(unit='kPa'),",",motion.heading(),",",analog.read(0),",",analog.read(1),",",analog.read(2),",",analog.read(3))
  File "/usr/lib/python3/dist-packages/envirophat/tcs3472.py", line 80, in light
    return self.raw()[CH_CLEAR]
  File "/usr/lib/python3/dist-packages/envirophat/tcs3472.py", line 88, in raw
    self.setup()
  File "/usr/lib/python3/dist-packages/envirophat/tcs3472.py", line 44, in setup
    self.i2c_bus.write_byte_data(ADDR, REG_ENABLE, REG_ENABLE_RGBC | REG_ENABLE_POWER)
OSError: [Errno 121] Remote I/O error
Traceback (most recent call last):
  File "/home/pi/Code_at_TACC_Robotics/Connected/sensor_collector-csv.py", line 7, in <module>
    print ('{:%Y-%m-%d %H:%M:%S}'.format(datetime.datetime.now()),",",light.light(),",",light.rgb(),",",weather.temperature(),",",weather.pressure(unit='kPa'),",",motion.heading(),",",analog.read(0),",",analog.read(1),",",analog.read(2),",",analog.read(3))
  File "/usr/lib/python3/dist-packages/envirophat/tcs3472.py", line 80, in light
    return self.raw()[CH_CLEAR]
  File "/usr/lib/python3/dist-packages/envirophat/tcs3472.py", line 88, in raw
    self.setup()
  File "/usr/lib/python3/dist-packages/envirophat/tcs3472.py", line 44, in setup
    self.i2c_bus.write_byte_data(ADDR, REG_ENABLE, REG_ENABLE_RGBC | REG_ENABLE_POWER)
OSError: [Errno 121] Remote I/O error
                                                                                                                                                                                                                                                                                                                                                                                                                                                                                                                                                                                                                                                                                                                                                                                                                                  2018-07-27 13:56:03 , 0 , (0, 0, 0) , 25.956512241358816 , 100011.0359415549 , 153.57 , 0.561 , 0.567 , 0.531 , 0.543
2018-07-27 13:57:02 , 3072 , (112, 93, 60) , 26.733348220762856 , 100438.10901357574 , 187.22 , 0.51 , 0.537 , 0.528 , 0.552
2018-07-27 13:58:01 , 3056 , (112, 93, 60) , 27.61296533996947 , 100928.5267862613 , 187.85 , 0.51 , 0.534 , 0.528 , 0.549
2018-07-27 13:59:02 , 3087 , (113, 93, 62) , 28.365332775800766 , 101350.7636653048 , 188.83 , 0.513 , 0.534 , 0.531 , 0.543
2018-07-27 14:00:02 , 3079 , (113, 93, 62) , 29.082944919862733 , 101757.85345057037 , 189.24 , 0.51 , 0.531 , 0.534 , 0.543
2018-07-27 14:01:02 , 3209 , (112, 93, 64) , 29.666349573463798 , 102092.74244688696 , 188.01 , 0.507 , 0.531 , 0.528 , 0.546
2018-07-27 14:02:02 , 3108 , (112, 93, 63) , 30.062039388495396 , 102318.24254397544 , 187.4 , 0.504 , 0.531 , 0.525 , 0.546
2018-07-27 14:03:02 , 2948 , (111, 92, 62) , 29.996745900554014 , 102281.78010018429 , 153.6 , 0.51 , 0.534 , 0.528 , 0.543
2018-07-27 14:04:02 , 2714 , (106, 94, 60) , 29.693252791756823 , 102088.28683901485 , 193.19 , 0.507 , 0.531 , 0.522 , 0.54
2018-07-27 14:05:04 , 0 , (0, 0, 0) , 23.699235028143107 , 97772.66842506644 , 188.59 , 0.57 , 0.579 , 0.546 , 0.555
2018-07-27 14:06:02 , 3388 , (98, 88, 67) , 24.35670121760495 , 97766.76570540492 , 182.8 , 0.537 , 0.549 , 0.552 , 0.57
2018-07-27 14:07:02 , 3021 , (102, 87, 65) , 25.330701647095907 , 97761.82217811246 , 184.14 , 0.525 , 0.543 , 0.546 , 0.561
2018-07-27 14:08:02 , 1830 , (101, 89, 65) , 26.00596734496014 , 97760.14757950025 , 185.38 , 0.534 , 0.546 , 0.54 , 0.555
2018-07-27 14:09:02 , 1950 , (101, 89, 64) , 26.59110174350144 , 97760.7682532819 , 185.3 , 0.522 , 0.549 , 0.54 , 0.558
2018-07-27 14:10:02 , 3346 , (99, 88, 66) , 26.956775234771726 , 97764.6722604245 , 185.46 , 0.0 , 0.549 , 0.528 , 0.555
